from_id,to_id,straight_line_m,walk_m_est,walk_min_est,method
maseeh,mccormick,264,330,4.1,haversine_x1.25_at_80m_per_min
maseeh,baker,407,509,6.4,haversine_x1.25_at_80m_per_min
maseeh,burton_conner,567,709,8.9,haversine_x1.25_at_80m_per_min
maseeh,macgregor,742,928,11.6,haversine_x1.25_at_80m_per_min
maseeh,new_house,862,1078,13.5,haversine_x1.25_at_80m_per_min
maseeh,next_house,1005,1256,15.7,haversine_x1.25_at_80m_per_min
maseeh,simmons,778,973,12.2,haversine_x1.25_at_80m_per_min
maseeh,east_campus,579,723,9.0,haversine_x1.25_at_80m_per_min
maseeh,bldg7,235,293,3.7,haversine_x1.25_at_80m_per_min
maseeh,bldg3,274,342,4.3,haversine_x1.25_at_80m_per_min
maseeh,bldg10,349,436,5.4,haversine_x1.25_at_80m_per_min
maseeh,bldg2,332,415,5.2,haversine_x1.25_at_80m_per_min
maseeh,bldg4,372,465,5.8,haversine_x1.25_at_80m_per_min
maseeh,bldg6,425,532,6.6,haversine_x1.25_at_80m_per_min
maseeh,hayden,447,559,7.0,haversine_x1.25_at_80m_per_min
maseeh,killian,291,364,4.5,haversine_x1.25_at_80m_per_min
maseeh,bldg26,435,544,6.8,haversine_x1.25_at_80m_per_min
maseeh,bldg45,509,636,7.9,haversine_x1.25_at_80m_per_min
maseeh,bldg46,576,720,9.0,haversine_x1.25_at_80m_per_min
maseeh,stata,668,834,10.4,haversine_x1.25_at_80m_per_min
maseeh,media_lab,713,892,11.1,haversine_x1.25_at_80m_per_min
maseeh,sloan,979,1223,15.3,haversine_x1.25_at_80m_per_min
maseeh,mit_medical,962,1202,15.0,haversine_x1.25_at_80m_per_min
maseeh,student_center,178,223,2.8,haversine_x1.25_at_80m_per_min
maseeh,kresge,107,133,1.7,haversine_x1.25_at_80m_per_min
maseeh,chapel,95,119,1.5,haversine_x1.25_at_80m_per_min
maseeh,kresge_oval,140,174,2.2,haversine_x1.25_at_80m_per_min
maseeh,zesiger,306,383,4.8,haversine_x1.25_at_80m_per_min
maseeh,johnson,419,524,6.5,haversine_x1.25_at_80m_per_min
maseeh,central_sq,1147,1434,17.9,haversine_x1.25_at_80m_per_min
maseeh,back_bay,962,1202,15.0,haversine_x1.25_at_80m_per_min
mccormick,maseeh,264,330,4.1,haversine_x1.25_at_80m_per_min
mccormick,baker,144,180,2.3,haversine_x1.25_at_80m_per_min
mccormick,burton_conner,307,383,4.8,haversine_x1.25_at_80m_per_min
mccormick,macgregor,484,605,7.6,haversine_x1.25_at_80m_per_min
mccormick,new_house,608,760,9.5,haversine_x1.25_at_80m_per_min
mccormick,next_house,755,944,11.8,haversine_x1.25_at_80m_per_min
mccormick,simmons,622,778,9.7,haversine_x1.25_at_80m_per_min
mccormick,east_campus,838,1047,13.1,haversine_x1.25_at_80m_per_min
mccormick,bldg7,436,545,6.8,haversine_x1.25_at_80m_per_min
mccormick,bldg3,496,619,7.7,haversine_x1.25_at_80m_per_min
mccormick,bldg10,564,705,8.8,haversine_x1.25_at_80m_per_min
mccormick,bldg2,576,720,9.0,haversine_x1.25_at_80m_per_min
mccormick,bldg4,607,758,9.5,haversine_x1.25_at_80m_per_min
mccormick,bldg6,668,835,10.4,haversine_x1.25_at_80m_per_min
mccormick,hayden,698,872,10.9,haversine_x1.25_at_80m_per_min
mccormick,killian,536,670,8.4,haversine_x1.25_at_80m_per_min
mccormick,bldg26,585,731,9.1,haversine_x1.25_at_80m_per_min
mccormick,bldg45,679,849,10.6,haversine_x1.25_at_80m_per_min
mccormick,bldg46,766,958,12.0,haversine_x1.25_at_80m_per_min
mccormick,stata,876,1095,13.7,haversine_x1.25_at_80m_per_min
mccormick,media_lab,960,1200,15.0,haversine_x1.25_at_80m_per_min
mccormick,sloan,1231,1539,19.2,haversine_x1.25_at_80m_per_min
mccormick,mit_medical,1191,1489,18.6,haversine_x1.25_at_80m_per_min
mccormick,student_center,340,425,5.3,haversine_x1.25_at_80m_per_min
mccormick,kresge,257,321,4.0,haversine_x1.25_at_80m_per_min
mccormick,chapel,299,374,4.7,haversine_x1.25_at_80m_per_min
mccormick,kresge_oval,298,372,4.7,haversine_x1.25_at_80m_per_min
mccormick,zesiger,380,475,5.9,haversine_x1.25_at_80m_per_min
mccormick,johnson,409,511,6.4,haversine_x1.25_at_80m_per_min
mccormick,central_sq,1020,1275,15.9,haversine_x1.25_at_80m_per_min
mccormick,back_bay,1140,1425,17.8,haversine_x1.25_at_80m_per_min
baker,maseeh,407,509,6.4,haversine_x1.25_at_80m_per_min
baker,mccormick,144,180,2.3,haversine_x1.25_at_80m_per_min
baker,burton_conner,163,203,2.5,haversine_x1.25_at_80m_per_min
baker,macgregor,341,426,5.3,haversine_x1.25_at_80m_per_min
baker,new_house,466,582,7.3,haversine_x1.25_at_80m_per_min
baker,next_house,615,768,9.6,haversine_x1.25_at_80m_per_min
baker,simmons,549,686,8.6,haversine_x1.25_at_80m_per_min
baker,east_campus,976,1220,15.2,haversine_x1.25_at_80m_per_min
baker,bldg7,559,698,8.7,haversine_x1.25_at_80m_per_min
baker,bldg3,622,778,9.7,haversine_x1.25_at_80m_per_min
baker,bldg10,686,857,10.7,haversine_x1.25_at_80m_per_min
baker,bldg2,708,885,11.1,haversine_x1.25_at_80m_per_min
baker,bldg4,735,919,11.5,haversine_x1.25_at_80m_per_min
baker,bldg6,799,998,12.5,haversine_x1.25_at_80m_per_min
baker,hayden,831,1039,13.0,haversine_x1.25_at_80m_per_min
baker,killian,669,836,10.5,haversine_x1.25_at_80m_per_min
baker,bldg26,681,852,10.6,haversine_x1.25_at_80m_per_min
baker,bldg45,780,975,12.2,haversine_x1.25_at_80m_per_min
baker,bldg46,873,1091,13.6,haversine_x1.25_at_80m_per_min
baker,stata,988,1235,15.4,haversine_x1.25_at_80m_per_min
baker,media_lab,1091,1364,17.0,haversine_x1.25_at_80m_per_min
baker,sloan,1364,1705,21.3,haversine_x1.25_at_80m_per_min
baker,mit_medical,1311,1639,20.5,haversine_x1.25_at_80m_per_min
baker,student_center,460,575,7.2,haversine_x1.25_at_80m_per_min
baker,kresge,386,483,6.0,haversine_x1.25_at_80m_per_min
baker,chapel,432,540,6.8,haversine_x1.25_at_80m_per_min
baker,kresge_oval,422,528,6.6,haversine_x1.25_at_80m_per_min
baker,zesiger,465,581,7.3,haversine_x1.25_at_80m_per_min
baker,johnson,450,563,7.0,haversine_x1.25_at_80m_per_min
baker,central_sq,952,1190,14.9,haversine_x1.25_at_80m_per_min
baker,back_bay,1263,1579,19.7,haversine_x1.25_at_80m_per_min
burton_conner,maseeh,567,709,8.9,haversine_x1.25_at_80m_per_min
burton_conner,mccormick,307,383,4.8,haversine_x1.25_at_80m_per_min
burton_conner,baker,163,203,2.5,haversine_x1.25_at_80m_per_min
burton_conner,macgregor,178,223,2.8,haversine_x1.25_at_80m_per_min
burton_conner,new_house,305,381,4.8,haversine_x1.25_at_80m_per_min
burton_conner,next_house,455,569,7.1,haversine_x1.25_at_80m_per_min
burton_conner,simmons,490,612,7.7,haversine_x1.25_at_80m_per_min
burton_conner,east_campus,1129,1411,17.6,haversine_x1.25_at_80m_per_min
burton_conner,bldg7,701,876,10.9,haversine_x1.25_at_80m_per_min
burton_conner,bldg3,766,958,12.0,haversine_x1.25_at_80m_per_min
burton_conner,bldg10,825,1032,12.9,haversine_x1.25_at_80m_per_min
burton_conner,bldg2,857,1072,13.4,haversine_x1.25_at_80m_per_min
burton_conner,bldg4,880,1099,13.7,haversine_x1.25_at_80m_per_min
burton_conner,bldg6,945,1181,14.8,haversine_x1.25_at_80m_per_min
burton_conner,hayden,981,1226,15.3,haversine_x1.25_at_80m_per_min
burton_conner,killian,819,1024,12.8,haversine_x1.25_at_80m_per_min
burton_conner,bldg26,798,997,12.5,haversine_x1.25_at_80m_per_min
burton_conner,bldg45,898,1123,14.0,haversine_x1.25_at_80m_per_min
burton_conner,bldg46,996,1244,15.6,haversine_x1.25_at_80m_per_min
burton_conner,stata,1115,1394,17.4,haversine_x1.25_at_80m_per_min
burton_conner,media_lab,1236,1545,19.3,haversine_x1.25_at_80m_per_min
burton_conner,sloan,1511,1888,23.6,haversine_x1.25_at_80m_per_min
burton_conner,mit_medical,1444,1805,22.6,haversine_x1.25_at_80m_per_min
burton_conner,student_center,601,752,9.4,haversine_x1.25_at_80m_per_min
burton_conner,kresge,537,671,8.4,haversine_x1.25_at_80m_per_min
burton_conner,chapel,584,731,9.1,haversine_x1.25_at_80m_per_min
burton_conner,kresge_oval,568,710,8.9,haversine_x1.25_at_80m_per_min
burton_conner,zesiger,579,724,9.1,haversine_x1.25_at_80m_per_min
burton_conner,johnson,529,661,8.3,haversine_x1.25_at_80m_per_min
burton_conner,central_sq,883,1103,13.8,haversine_x1.25_at_80m_per_min
burton_conner,back_bay,1413,1767,22.1,haversine_x1.25_at_80m_per_min
macgregor,maseeh,742,928,11.6,haversine_x1.25_at_80m_per_min
macgregor,mccormick,484,605,7.6,haversine_x1.25_at_80m_per_min
macgregor,baker,341,426,5.3,haversine_x1.25_at_80m_per_min
macgregor,burton_conner,178,223,2.8,haversine_x1.25_at_80m_per_min
macgregor,new_house,128,160,2.0,haversine_x1.25_at_80m_per_min
macgregor,next_house,280,350,4.4,haversine_x1.25_at_80m_per_min
macgregor,simmons,469,586,7.3,haversine_x1.25_at_80m_per_min
macgregor,east_campus,1295,1619,20.2,haversine_x1.25_at_80m_per_min
macgregor,bldg7,859,1074,13.4,haversine_x1.25_at_80m_per_min
macgregor,bldg3,926,1157,14.5,haversine_x1.25_at_80m_per_min
macgregor,bldg10,980,1225,15.3,haversine_x1.25_at_80m_per_min
macgregor,bldg2,1020,1275,15.9,haversine_x1.25_at_80m_per_min
macgregor,bldg4,1039,1298,16.2,haversine_x1.25_at_80m_per_min
macgregor,bldg6,1106,1382,17.3,haversine_x1.25_at_80m_per_min
macgregor,hayden,1144,1430,17.9,haversine_x1.25_at_80m_per_min
macgregor,killian,983,1229,15.4,haversine_x1.25_at_80m_per_min
macgregor,bldg26,933,1167,14.6,haversine_x1.25_at_80m_per_min
macgregor,bldg45,1034,1292,16.2,haversine_x1.25_at_80m_per_min
macgregor,bldg46,1133,1417,17.7,haversine_x1.25_at_80m_per_min
macgregor,stata,1256,1570,19.6,haversine_x1.25_at_80m_per_min
macgregor,media_lab,1393,1741,21.8,haversine_x1.25_at_80m_per_min
macgregor,sloan,1669,2086,26.1,haversine_x1.25_at_80m_per_min
macgregor,mit_medical,1588,1985,24.8,haversine_x1.25_at_80m_per_min
macgregor,student_center,761,951,11.9,haversine_x1.25_at_80m_per_min
macgregor,kresge,704,880,11.0,haversine_x1.25_at_80m_per_min
macgregor,chapel,753,941,11.8,haversine_x1.25_at_80m_per_min
macgregor,kresge_oval,731,914,11.4,haversine_x1.25_at_80m_per_min
macgregor,zesiger,719,898,11.2,haversine_x1.25_at_80m_per_min
macgregor,johnson,642,803,10.0,haversine_x1.25_at_80m_per_min
macgregor,central_sq,823,1029,12.9,haversine_x1.25_at_80m_per_min
macgregor,back_bay,1585,1981,24.8,haversine_x1.25_at_80m_per_min
new_house,maseeh,862,1078,13.5,haversine_x1.25_at_80m_per_min
new_house,mccormick,608,760,9.5,haversine_x1.25_at_80m_per_min
new_house,baker,466,582,7.3,haversine_x1.25_at_80m_per_min
new_house,burton_conner,305,381,4.8,haversine_x1.25_at_80m_per_min
new_house,macgregor,128,160,2.0,haversine_x1.25_at_80m_per_min
new_house,next_house,153,191,2.4,haversine_x1.25_at_80m_per_min
new_house,simmons,470,587,7.3,haversine_x1.25_at_80m_per_min
new_house,east_campus,1406,1758,22.0,haversine_x1.25_at_80m_per_min
new_house,bldg7,966,1207,15.1,haversine_x1.25_at_80m_per_min
new_house,bldg3,1033,1291,16.1,haversine_x1.25_at_80m_per_min
new_house,bldg10,1084,1354,16.9,haversine_x1.25_at_80m_per_min
new_house,bldg2,1130,1412,17.7,haversine_x1.25_at_80m_per_min
new_house,bldg4,1145,1431,17.9,haversine_x1.25_at_80m_per_min
new_house,bldg6,1212,1515,18.9,haversine_x1.25_at_80m_per_min
new_house,hayden,1252,1566,19.6,haversine_x1.25_at_80m_per_min
new_house,killian,1094,1367,17.1,haversine_x1.25_at_80m_per_min
new_house,bldg26,1023,1279,16.0,haversine_x1.25_at_80m_per_min
new_house,bldg45,1122,1403,17.5,haversine_x1.25_at_80m_per_min
new_house,bldg46,1223,1529,19.1,haversine_x1.25_at_80m_per_min
new_house,stata,1347,1684,21.1,haversine_x1.25_at_80m_per_min
new_house,media_lab,1496,1871,23.4,haversine_x1.25_at_80m_per_min
new_house,sloan,1772,2215,27.7,haversine_x1.25_at_80m_per_min
new_house,mit_medical,1680,2100,26.2,haversine_x1.25_at_80m_per_min
new_house,student_center,869,1086,13.6,haversine_x1.25_at_80m_per_min
new_house,kresge,818,1022,12.8,haversine_x1.25_at_80m_per_min
new_house,chapel,867,1084,13.5,haversine_x1.25_at_80m_per_min
new_house,kresge_oval,843,1053,13.2,haversine_x1.25_at_80m_per_min
new_house,zesiger,814,1017,12.7,haversine_x1.25_at_80m_per_min
new_house,johnson,723,903,11.3,haversine_x1.25_at_80m_per_min
new_house,central_sq,777,971,12.1,haversine_x1.25_at_80m_per_min
new_house,back_bay,1712,2140,26.8,haversine_x1.25_at_80m_per_min
next_house,maseeh,1005,1256,15.7,haversine_x1.25_at_80m_per_min
next_house,mccormick,755,944,11.8,haversine_x1.25_at_80m_per_min
next_house,baker,615,768,9.6,haversine_x1.25_at_80m_per_min
next_house,burton_conner,455,569,7.1,haversine_x1.25_at_80m_per_min
next_house,macgregor,280,350,4.4,haversine_x1.25_at_80m_per_min
next_house,new_house,153,191,2.4,haversine_x1.25_at_80m_per_min
next_house,simmons,502,628,7.9,haversine_x1.25_at_80m_per_min
next_house,east_campus,1537,1921,24.0,haversine_x1.25_at_80m_per_min
next_house,bldg7,1093,1366,17.1,haversine_x1.25_at_80m_per_min
next_house,bldg3,1160,1450,18.1,haversine_x1.25_at_80m_per_min
next_house,bldg10,1206,1508,18.8,haversine_x1.25_at_80m_per_min
next_house,bldg2,1259,1573,19.7,haversine_x1.25_at_80m_per_min
next_house,bldg4,1270,1588,19.8,haversine_x1.25_at_80m_per_min
next_house,bldg6,1338,1673,20.9,haversine_x1.25_at_80m_per_min
next_house,hayden,1380,1726,21.6,haversine_x1.25_at_80m_per_min
next_house,killian,1225,1531,19.1,haversine_x1.25_at_80m_per_min
next_house,bldg26,1131,1414,17.7,haversine_x1.25_at_80m_per_min
next_house,bldg45,1229,1536,19.2,haversine_x1.25_at_80m_per_min
next_house,bldg46,1330,1662,20.8,haversine_x1.25_at_80m_per_min
next_house,stata,1455,1819,22.7,haversine_x1.25_at_80m_per_min
next_house,media_lab,1617,2022,25.3,haversine_x1.25_at_80m_per_min
next_house,sloan,1892,2365,29.6,haversine_x1.25_at_80m_per_min
next_house,mit_medical,1787,2234,27.9,haversine_x1.25_at_80m_per_min
next_house,student_center,998,1248,15.6,haversine_x1.25_at_80m_per_min
next_house,kresge,954,1192,14.9,haversine_x1.25_at_80m_per_min
next_house,chapel,1003,1254,15.7,haversine_x1.25_at_80m_per_min
next_house,kresge_oval,975,1219,15.2,haversine_x1.25_at_80m_per_min
next_house,zesiger,930,1163,14.5,haversine_x1.25_at_80m_per_min
next_house,johnson,826,1032,12.9,haversine_x1.25_at_80m_per_min
next_house,central_sq,735,919,11.5,haversine_x1.25_at_80m_per_min
next_house,back_bay,1865,2331,29.1,haversine_x1.25_at_80m_per_min
simmons,maseeh,778,973,12.2,haversine_x1.25_at_80m_per_min
simmons,mccormick,622,778,9.7,haversine_x1.25_at_80m_per_min
simmons,baker,549,686,8.6,haversine_x1.25_at_80m_per_min
simmons,burton_conner,490,612,7.7,haversine_x1.25_at_80m_per_min
simmons,macgregor,469,586,7.3,haversine_x1.25_at_80m_per_min
simmons,new_house,470,587,7.3,haversine_x1.25_at_80m_per_min
simmons,next_house,502,628,7.9,haversine_x1.25_at_80m_per_min
simmons,east_campus,1188,1485,18.6,haversine_x1.25_at_80m_per_min
simmons,bldg7,759,949,11.9,haversine_x1.25_at_80m_per_min
simmons,bldg3,821,1026,12.8,haversine_x1.25_at_80m_per_min
simmons,bldg10,842,1053,13.2,haversine_x1.25_at_80m_per_min
simmons,bldg2,921,1151,14.4,haversine_x1.25_at_80m_per_min
simmons,bldg4,914,1143,14.3,haversine_x1.25_at_80m_per_min
simmons,bldg6,980,1225,15.3,haversine_x1.25_at_80m_per_min
simmons,hayden,1029,1286,16.1,haversine_x1.25_at_80m_per_min
simmons,killian,896,1121,14.0,haversine_x1.25_at_80m_per_min
simmons,bldg26,720,900,11.3,haversine_x1.25_at_80m_per_min
simmons,bldg45,806,1008,12.6,haversine_x1.25_at_80m_per_min
simmons,bldg46,904,1130,14.1,haversine_x1.25_at_80m_per_min
simmons,stata,1027,1284,16.0,haversine_x1.25_at_80m_per_min
simmons,media_lab,1227,1533,19.2,haversine_x1.25_at_80m_per_min
simmons,sloan,1491,1864,23.3,haversine_x1.25_at_80m_per_min
simmons,mit_medical,1350,1688,21.1,haversine_x1.25_at_80m_per_min
simmons,student_center,687,859,10.7,haversine_x1.25_at_80m_per_min
simmons,kresge,687,859,10.7,haversine_x1.25_at_80m_per_min
simmons,chapel,731,913,11.4,haversine_x1.25_at_80m_per_min
simmons,kresge_oval,686,857,10.7,haversine_x1.25_at_80m_per_min
simmons,zesiger,568,711,8.9,haversine_x1.25_at_80m_per_min
simmons,johnson,430,538,6.7,haversine_x1.25_at_80m_per_min
simmons,central_sq,403,504,6.3,haversine_x1.25_at_80m_per_min
simmons,back_bay,1736,2171,27.1,haversine_x1.25_at_80m_per_min
east_campus,maseeh,579,723,9.0,haversine_x1.25_at_80m_per_min
east_campus,mccormick,838,1047,13.1,haversine_x1.25_at_80m_per_min
east_campus,baker,976,1220,15.2,haversine_x1.25_at_80m_per_min
east_campus,burton_conner,1129,1411,17.6,haversine_x1.25_at_80m_per_min
east_campus,macgregor,1295,1619,20.2,haversine_x1.25_at_80m_per_min
east_campus,new_house,1406,1758,22.0,haversine_x1.25_at_80m_per_min
east_campus,next_house,1537,1921,24.0,haversine_x1.25_at_80m_per_min
east_campus,simmons,1188,1485,18.6,haversine_x1.25_at_80m_per_min
east_campus,bldg7,445,556,6.9,haversine_x1.25_at_80m_per_min
east_campus,bldg3,378,472,5.9,haversine_x1.25_at_80m_per_min
east_campus,bldg10,346,432,5.4,haversine_x1.25_at_80m_per_min
east_campus,bldg2,278,347,4.3,haversine_x1.25_at_80m_per_min
east_campus,bldg4,274,343,4.3,haversine_x1.25_at_80m_per_min
east_campus,bldg6,208,260,3.3,haversine_x1.25_at_80m_per_min
east_campus,hayden,160,200,2.5,haversine_x1.25_at_80m_per_min
east_campus,killian,312,391,4.9,haversine_x1.25_at_80m_per_min
east_campus,bldg26,490,612,7.6,haversine_x1.25_at_80m_per_min
east_campus,bldg45,440,550,6.9,haversine_x1.25_at_80m_per_min
east_campus,bldg46,388,485,6.1,haversine_x1.25_at_80m_per_min
east_campus,stata,348,435,5.4,haversine_x1.25_at_80m_per_min
east_campus,media_lab,182,228,2.9,haversine_x1.25_at_80m_per_min
east_campus,sloan,408,509,6.4,haversine_x1.25_at_80m_per_min
east_campus,mit_medical,465,581,7.3,haversine_x1.25_at_80m_per_min
east_campus,student_center,538,673,8.4,haversine_x1.25_at_80m_per_min
east_campus,kresge,593,741,9.3,haversine_x1.25_at_80m_per_min
east_campus,chapel,545,681,8.5,haversine_x1.25_at_80m_per_min
east_campus,kresge_oval,564,705,8.8,haversine_x1.25_at_80m_per_min
east_campus,zesiger,624,780,9.8,haversine_x1.25_at_80m_per_min
east_campus,johnson,758,948,11.8,haversine_x1.25_at_80m_per_min
east_campus,central_sq,1463,1829,22.9,haversine_x1.25_at_80m_per_min
east_campus,back_bay,900,1125,14.1,haversine_x1.25_at_80m_per_min
bldg7,maseeh,235,293,3.7,haversine_x1.25_at_80m_per_min
bldg7,mccormick,436,545,6.8,haversine_x1.25_at_80m_per_min
bldg7,baker,559,698,8.7,haversine_x1.25_at_80m_per_min
bldg7,burton_conner,701,876,10.9,haversine_x1.25_at_80m_per_min
bldg7,macgregor,859,1074,13.4,haversine_x1.25_at_80m_per_min
bldg7,new_house,966,1207,15.1,haversine_x1.25_at_80m_per_min
bldg7,next_house,1093,1366,17.1,haversine_x1.25_at_80m_per_min
bldg7,simmons,759,949,11.9,haversine_x1.25_at_80m_per_min
bldg7,east_campus,445,556,6.9,haversine_x1.25_at_80m_per_min
bldg7,bldg3,67,84,1.1,haversine_x1.25_at_80m_per_min
bldg7,bldg10,128,160,2.0,haversine_x1.25_at_80m_per_min
bldg7,bldg2,167,209,2.6,haversine_x1.25_at_80m_per_min
bldg7,bldg4,180,224,2.8,haversine_x1.25_at_80m_per_min
bldg7,bldg6,247,308,3.9,haversine_x1.25_at_80m_per_min
bldg7,hayden,288,359,4.5,haversine_x1.25_at_80m_per_min
bldg7,killian,138,173,2.2,haversine_x1.25_at_80m_per_min
bldg7,bldg26,209,261,3.3,haversine_x1.25_at_80m_per_min
bldg7,bldg45,274,343,4.3,haversine_x1.25_at_80m_per_min
bldg7,bldg46,343,429,5.4,haversine_x1.25_at_80m_per_min
bldg7,stata,443,554,6.9,haversine_x1.25_at_80m_per_min
bldg7,media_lab,535,669,8.4,haversine_x1.25_at_80m_per_min
bldg7,sloan,810,1013,12.7,haversine_x1.25_at_80m_per_min
bldg7,mit_medical,755,944,11.8,haversine_x1.25_at_80m_per_min
bldg7,student_center,99,124,1.6,haversine_x1.25_at_80m_per_min
bldg7,kresge,180,226,2.8,haversine_x1.25_at_80m_per_min
bldg7,chapel,148,186,2.3,haversine_x1.25_at_80m_per_min
bldg7,kresge_oval,138,173,2.2,haversine_x1.25_at_80m_per_min
bldg7,zesiger,192,239,3.0,haversine_x1.25_at_80m_per_min
bldg7,johnson,334,417,5.2,haversine_x1.25_at_80m_per_min
bldg7,central_sq,1076,1345,16.8,haversine_x1.25_at_80m_per_min
bldg7,back_bay,1069,1337,16.7,haversine_x1.25_at_80m_per_min
bldg3,maseeh,274,342,4.3,haversine_x1.25_at_80m_per_min
bldg3,mccormick,496,619,7.7,haversine_x1.25_at_80m_per_min
bldg3,baker,622,778,9.7,haversine_x1.25_at_80m_per_min
bldg3,burton_conner,766,958,12.0,haversine_x1.25_at_80m_per_min
bldg3,macgregor,926,1157,14.5,haversine_x1.25_at_80m_per_min
bldg3,new_house,1033,1291,16.1,haversine_x1.25_at_80m_per_min
bldg3,next_house,1160,1450,18.1,haversine_x1.25_at_80m_per_min
bldg3,simmons,821,1026,12.8,haversine_x1.25_at_80m_per_min
bldg3,east_campus,378,472,5.9,haversine_x1.25_at_80m_per_min
bldg3,bldg7,67,84,1.1,haversine_x1.25_at_80m_per_min
bldg3,bldg10,75,94,1.2,haversine_x1.25_at_80m_per_min
bldg3,bldg2,101,126,1.6,haversine_x1.25_at_80m_per_min
bldg3,bldg4,113,142,1.8,haversine_x1.25_at_80m_per_min
bldg3,bldg6,180,225,2.8,haversine_x1.25_at_80m_per_min
bldg3,hayden,220,275,3.4,haversine_x1.25_at_80m_per_min
bldg3,killian,78,98,1.2,haversine_x1.25_at_80m_per_min
bldg3,bldg26,212,265,3.3,haversine_x1.25_at_80m_per_min
bldg3,bldg45,253,317,4.0,haversine_x1.25_at_80m_per_min
bldg3,bldg46,305,382,4.8,haversine_x1.25_at_80m_per_min
bldg3,stata,394,492,6.2,haversine_x1.25_at_80m_per_min
bldg3,media_lab,470,587,7.3,haversine_x1.25_at_80m_per_min
bldg3,sloan,744,930,11.6,haversine_x1.25_at_80m_per_min
bldg3,mit_medical,697,871,10.9,haversine_x1.25_at_80m_per_min
bldg3,student_center,165,207,2.6,haversine_x1.25_at_80m_per_min
bldg3,kresge,239,298,3.7,haversine_x1.25_at_80m_per_min
bldg3,chapel,200,249,3.1,haversine_x1.25_at_80m_per_min
bldg3,kresge_oval,200,250,3.1,haversine_x1.25_at_80m_per_min
bldg3,zesiger,252,315,3.9,haversine_x1.25_at_80m_per_min
bldg3,johnson,392,490,6.1,haversine_x1.25_at_80m_per_min
bldg3,central_sq,1128,1410,17.6,haversine_x1.25_at_80m_per_min
bldg3,back_bay,1039,1299,16.2,haversine_x1.25_at_80m_per_min
bldg10,maseeh,349,436,5.4,haversine_x1.25_at_80m_per_min
bldg10,mccormick,564,705,8.8,haversine_x1.25_at_80m_per_min
bldg10,baker,686,857,10.7,haversine_x1.25_at_80m_per_min
bldg10,burton_conner,825,1032,12.9,haversine_x1.25_at_80m_per_min
bldg10,macgregor,980,1225,15.3,haversine_x1.25_at_80m_per_min
bldg10,new_house,1084,1354,16.9,haversine_x1.25_at_80m_per_min
bldg10,next_house,1206,1508,18.8,haversine_x1.25_at_80m_per_min
bldg10,simmons,842,1053,13.2,haversine_x1.25_at_80m_per_min
bldg10,east_campus,346,432,5.4,haversine_x1.25_at_80m_per_min
bldg10,bldg7,128,160,2.0,haversine_x1.25_at_80m_per_min
bldg10,bldg3,75,94,1.2,haversine_x1.25_at_80m_per_min
bldg10,bldg2,100,125,1.6,haversine_x1.25_at_80m_per_min
bldg10,bldg4,73,91,1.1,haversine_x1.25_at_80m_per_min
bldg10,bldg6,138,173,2.2,haversine_x1.25_at_80m_per_min
bldg10,hayden,187,234,2.9,haversine_x1.25_at_80m_per_min
bldg10,killian,108,135,1.7,haversine_x1.25_at_80m_per_min
bldg10,bldg26,173,216,2.7,haversine_x1.25_at_80m_per_min
bldg10,bldg45,189,236,3.0,haversine_x1.25_at_80m_per_min
bldg10,bldg46,231,289,3.6,haversine_x1.25_at_80m_per_min
bldg10,stata,319,399,5.0,haversine_x1.25_at_80m_per_min
bldg10,media_lab,413,516,6.5,haversine_x1.25_at_80m_per_min
bldg10,sloan,689,861,10.8,haversine_x1.25_at_80m_per_min
bldg10,mit_medical,627,784,9.8,haversine_x1.25_at_80m_per_min
bldg10,student_center,226,283,3.5,haversine_x1.25_at_80m_per_min
bldg10,kresge,308,384,4.8,haversine_x1.25_at_80m_per_min
bldg10,chapel,272,340,4.2,haversine_x1.25_at_80m_per_min
bldg10,kresge_oval,266,332,4.2,haversine_x1.25_at_80m_per_min
bldg10,zesiger,281,351,4.4,haversine_x1.25_at_80m_per_min
bldg10,johnson,412,515,6.4,haversine_x1.25_at_80m_per_min
bldg10,central_sq,1129,1411,17.6,haversine_x1.25_at_80m_per_min
bldg10,back_bay,1076,1345,16.8,haversine_x1.25_at_80m_per_min
bldg2,maseeh,332,415,5.2,haversine_x1.25_at_80m_per_min
bldg2,mccormick,576,720,9.0,haversine_x1.25_at_80m_per_min
bldg2,baker,708,885,11.1,haversine_x1.25_at_80m_per_min
bldg2,burton_conner,857,1072,13.4,haversine_x1.25_at_80m_per_min
bldg2,macgregor,1020,1275,15.9,haversine_x1.25_at_80m_per_min
bldg2,new_house,1130,1412,17.7,haversine_x1.25_at_80m_per_min
bldg2,next_house,1259,1573,19.7,haversine_x1.25_at_80m_per_min
bldg2,simmons,921,1151,14.4,haversine_x1.25_at_80m_per_min
bldg2,east_campus,278,347,4.3,haversine_x1.25_at_80m_per_min
bldg2,bldg7,167,209,2.6,haversine_x1.25_at_80m_per_min
bldg2,bldg3,101,126,1.6,haversine_x1.25_at_80m_per_min
bldg2,bldg10,100,125,1.6,haversine_x1.25_at_80m_per_min
bldg2,bldg4,53,67,0.8,haversine_x1.25_at_80m_per_min
bldg2,bldg6,93,117,1.5,haversine_x1.25_at_80m_per_min
bldg2,hayden,124,155,1.9,haversine_x1.25_at_80m_per_min
bldg2,killian,41,51,0.6,haversine_x1.25_at_80m_per_min
bldg2,bldg26,273,341,4.3,haversine_x1.25_at_80m_per_min
bldg2,bldg45,279,348,4.4,haversine_x1.25_at_80m_per_min
bldg2,bldg46,297,372,4.6,haversine_x1.25_at_80m_per_min
bldg2,stata,356,445,5.6,haversine_x1.25_at_80m_per_min
bldg2,media_lab,385,481,6.0,haversine_x1.25_at_80m_per_min
bldg2,sloan,656,820,10.2,haversine_x1.25_at_80m_per_min
bldg2,mit_medical,631,789,9.9,haversine_x1.25_at_80m_per_min
bldg2,student_center,261,326,4.1,haversine_x1.25_at_80m_per_min
bldg2,kresge,322,403,5.0,haversine_x1.25_at_80m_per_min
bldg2,chapel,277,346,4.3,haversine_x1.25_at_80m_per_min
bldg2,kresge_oval,289,362,4.5,haversine_x1.25_at_80m_per_min
bldg2,zesiger,352,441,5.5,haversine_x1.25_at_80m_per_min
bldg2,johnson,491,614,7.7,haversine_x1.25_at_80m_per_min
bldg2,central_sq,1221,1526,19.1,haversine_x1.25_at_80m_per_min
bldg2,back_bay,978,1223,15.3,haversine_x1.25_at_80m_per_min
bldg4,maseeh,372,465,5.8,haversine_x1.25_at_80m_per_min
bldg4,mccormick,607,758,9.5,haversine_x1.25_at_80m_per_min
bldg4,baker,735,919,11.5,haversine_x1.25_at_80m_per_min
bldg4,burton_conner,880,1099,13.7,haversine_x1.25_at_80m_per_min
bldg4,macgregor,1039,1298,16.2,haversine_x1.25_at_80m_per_min
bldg4,new_house,1145,1431,17.9,haversine_x1.25_at_80m_per_min
bldg4,next_house,1270,1588,19.8,haversine_x1.25_at_80m_per_min
bldg4,simmons,914,1143,14.3,haversine_x1.25_at_80m_per_min
bldg4,east_campus,274,343,4.3,haversine_x1.25_at_80m_per_min
bldg4,bldg7,180,224,2.8,haversine_x1.25_at_80m_per_min
bldg4,bldg3,113,142,1.8,haversine_x1.25_at_80m_per_min
bldg4,bldg10,73,91,1.1,haversine_x1.25_at_80m_per_min
bldg4,bldg2,53,67,0.8,haversine_x1.25_at_80m_per_min
bldg4,bldg6,68,85,1.1,haversine_x1.25_at_80m_per_min
bldg4,hayden,115,144,1.8,haversine_x1.25_at_80m_per_min
bldg4,killian,87,109,1.4,haversine_x1.25_at_80m_per_min
bldg4,bldg26,238,297,3.7,haversine_x1.25_at_80m_per_min
bldg4,bldg45,231,289,3.6,haversine_x1.25_at_80m_per_min
bldg4,bldg46,244,305,3.8,haversine_x1.25_at_80m_per_min
bldg4,stata,305,381,4.8,haversine_x1.25_at_80m_per_min
bldg4,media_lab,356,445,5.6,haversine_x1.25_at_80m_per_min
bldg4,sloan,631,789,9.9,haversine_x1.25_at_80m_per_min
bldg4,mit_medical,590,738,9.2,haversine_x1.25_at_80m_per_min
bldg4,student_center,278,348,4.4,haversine_x1.25_at_80m_per_min
bldg4,kresge,350,438,5.5,haversine_x1.25_at_80m_per_min
bldg4,chapel,308,385,4.8,haversine_x1.25_at_80m_per_min
bldg4,kresge_oval,313,391,4.9,haversine_x1.25_at_80m_per_min
bldg4,zesiger,350,438,5.5,haversine_x1.25_at_80m_per_min
bldg4,johnson,484,605,7.6,haversine_x1.25_at_80m_per_min
bldg4,central_sq,1201,1501,18.8,haversine_x1.25_at_80m_per_min
bldg4,back_bay,1023,1279,16.0,haversine_x1.25_at_80m_per_min
bldg6,maseeh,425,532,6.6,haversine_x1.25_at_80m_per_min
bldg6,mccormick,668,835,10.4,haversine_x1.25_at_80m_per_min
bldg6,baker,799,998,12.5,haversine_x1.25_at_80m_per_min
bldg6,burton_conner,945,1181,14.8,haversine_x1.25_at_80m_per_min
bldg6,macgregor,1106,1382,17.3,haversine_x1.25_at_80m_per_min
bldg6,new_house,1212,1515,18.9,haversine_x1.25_at_80m_per_min
bldg6,next_house,1338,1673,20.9,haversine_x1.25_at_80m_per_min
bldg6,simmons,980,1225,15.3,haversine_x1.25_at_80m_per_min
bldg6,east_campus,208,260,3.3,haversine_x1.25_at_80m_per_min
bldg6,bldg7,247,308,3.9,haversine_x1.25_at_80m_per_min
bldg6,bldg3,180,225,2.8,haversine_x1.25_at_80m_per_min
bldg6,bldg10,138,173,2.2,haversine_x1.25_at_80m_per_min
bldg6,bldg2,93,117,1.5,haversine_x1.25_at_80m_per_min
bldg6,bldg4,68,85,1.1,haversine_x1.25_at_80m_per_min
bldg6,hayden,51,64,0.8,haversine_x1.25_at_80m_per_min
bldg6,killian,134,168,2.1,haversine_x1.25_at_80m_per_min
bldg6,bldg26,290,362,4.5,haversine_x1.25_at_80m_per_min
bldg6,bldg45,262,327,4.1,haversine_x1.25_at_80m_per_min
bldg6,bldg46,248,310,3.9,haversine_x1.25_at_80m_per_min
bldg6,stata,280,350,4.4,haversine_x1.25_at_80m_per_min
bldg6,media_lab,293,366,4.6,haversine_x1.25_at_80m_per_min
bldg6,sloan,566,707,8.8,haversine_x1.25_at_80m_per_min
bldg6,mit_medical,539,673,8.4,haversine_x1.25_at_80m_per_min
bldg6,student_center,345,431,5.4,haversine_x1.25_at_80m_per_min
bldg6,kresge,413,516,6.4,haversine_x1.25_at_80m_per_min
bldg6,chapel,369,461,5.8,haversine_x1.25_at_80m_per_min
bldg6,kresge_oval,378,472,5.9,haversine_x1.25_at_80m_per_min
bldg6,zesiger,418,522,6.5,haversine_x1.25_at_80m_per_min
bldg6,johnson,550,688,8.6,haversine_x1.25_at_80m_per_min
bldg6,central_sq,1260,1575,19.7,haversine_x1.25_at_80m_per_min
bldg6,back_bay,999,1249,15.6,haversine_x1.25_at_80m_per_min
hayden,maseeh,447,559,7.0,haversine_x1.25_at_80m_per_min
hayden,mccormick,698,872,10.9,haversine_x1.25_at_80m_per_min
hayden,baker,831,1039,13.0,haversine_x1.25_at_80m_per_min
hayden,burton_conner,981,1226,15.3,haversine_x1.25_at_80m_per_min
hayden,macgregor,1144,1430,17.9,haversine_x1.25_at_80m_per_min
hayden,new_house,1252,1566,19.6,haversine_x1.25_at_80m_per_min
hayden,next_house,1380,1726,21.6,haversine_x1.25_at_80m_per_min
hayden,simmons,1029,1286,16.1,haversine_x1.25_at_80m_per_min
hayden,east_campus,160,200,2.5,haversine_x1.25_at_80m_per_min
hayden,bldg7,288,359,4.5,haversine_x1.25_at_80m_per_min
hayden,bldg3,220,275,3.4,haversine_x1.25_at_80m_per_min
hayden,bldg10,187,234,2.9,haversine_x1.25_at_80m_per_min
hayden,bldg2,124,155,1.9,haversine_x1.25_at_80m_per_min
hayden,bldg4,115,144,1.8,haversine_x1.25_at_80m_per_min
hayden,bldg6,51,64,0.8,haversine_x1.25_at_80m_per_min
hayden,killian,162,203,2.5,haversine_x1.25_at_80m_per_min
hayden,bldg26,340,425,5.3,haversine_x1.25_at_80m_per_min
hayden,bldg45,309,386,4.8,haversine_x1.25_at_80m_per_min
hayden,bldg46,285,356,4.4,haversine_x1.25_at_80m_per_min
hayden,stata,298,372,4.6,haversine_x1.25_at_80m_per_min
hayden,media_lab,266,332,4.2,haversine_x1.25_at_80m_per_min
hayden,sloan,534,667,8.3,haversine_x1.25_at_80m_per_min
hayden,mit_medical,527,659,8.2,haversine_x1.25_at_80m_per_min
hayden,student_center,384,479,6.0,haversine_x1.25_at_80m_per_min
hayden,kresge,445,557,7.0,haversine_x1.25_at_80m_per_min
hayden,chapel,400,499,6.2,haversine_x1.25_at_80m_per_min
hayden,kresge_oval,413,516,6.5,haversine_x1.25_at_80m_per_min
hayden,zesiger,465,581,7.3,haversine_x1.25_at_80m_per_min
hayden,johnson,599,749,9.4,haversine_x1.25_at_80m_per_min
hayden,central_sq,1311,1639,20.5,haversine_x1.25_at_80m_per_min
hayden,back_bay,961,1201,15.0,haversine_x1.25_at_80m_per_min
killian,maseeh,291,364,4.5,haversine_x1.25_at_80m_per_min
killian,mccormick,536,670,8.4,haversine_x1.25_at_80m_per_min
killian,baker,669,836,10.5,haversine_x1.25_at_80m_per_min
killian,burton_conner,819,1024,12.8,haversine_x1.25_at_80m_per_min
killian,macgregor,983,1229,15.4,haversine_x1.25_at_80m_per_min
killian,new_house,1094,1367,17.1,haversine_x1.25_at_80m_per_min
killian,next_house,1225,1531,19.1,haversine_x1.25_at_80m_per_min
killian,simmons,896,1121,14.0,haversine_x1.25_at_80m_per_min
killian,east_campus,312,391,4.9,haversine_x1.25_at_80m_per_min
killian,bldg7,138,173,2.2,haversine_x1.25_at_80m_per_min
killian,bldg3,78,98,1.2,haversine_x1.25_at_80m_per_min
killian,bldg10,108,135,1.7,haversine_x1.25_at_80m_per_min
killian,bldg2,41,51,0.6,haversine_x1.25_at_80m_per_min
killian,bldg4,87,109,1.4,haversine_x1.25_at_80m_per_min
killian,bldg6,134,168,2.1,haversine_x1.25_at_80m_per_min
killian,hayden,162,203,2.5,haversine_x1.25_at_80m_per_min
killian,bldg26,275,344,4.3,haversine_x1.25_at_80m_per_min
killian,bldg45,296,370,4.6,haversine_x1.25_at_80m_per_min
killian,bldg46,325,407,5.1,haversine_x1.25_at_80m_per_min
killian,stata,392,490,6.1,haversine_x1.25_at_80m_per_min
killian,media_lab,425,531,6.6,haversine_x1.25_at_80m_per_min
killian,sloan,696,870,10.9,haversine_x1.25_at_80m_per_min
killian,mit_medical,672,840,10.5,haversine_x1.25_at_80m_per_min
killian,student_center,226,283,3.5,haversine_x1.25_at_80m_per_min
killian,kresge,283,354,4.4,haversine_x1.25_at_80m_per_min
killian,chapel,237,297,3.7,haversine_x1.25_at_80m_per_min
killian,kresge_oval,252,315,3.9,haversine_x1.25_at_80m_per_min
killian,zesiger,328,410,5.1,haversine_x1.25_at_80m_per_min
killian,johnson,469,587,7.3,haversine_x1.25_at_80m_per_min
killian,central_sq,1206,1507,18.8,haversine_x1.25_at_80m_per_min
killian,back_bay,971,1214,15.2,haversine_x1.25_at_80m_per_min
bldg26,maseeh,435,544,6.8,haversine_x1.25_at_80m_per_min
bldg26,mccormick,585,731,9.1,haversine_x1.25_at_80m_per_min
bldg26,baker,681,852,10.6,haversine_x1.25_at_80m_per_min
bldg26,burton_conner,798,997,12.5,haversine_x1.25_at_80m_per_min
bldg26,macgregor,933,1167,14.6,haversine_x1.25_at_80m_per_min
bldg26,new_house,1023,1279,16.0,haversine_x1.25_at_80m_per_min
bldg26,next_house,1131,1414,17.7,haversine_x1.25_at_80m_per_min
bldg26,simmons,720,900,11.3,haversine_x1.25_at_80m_per_min
bldg26,east_campus,490,612,7.6,haversine_x1.25_at_80m_per_min
bldg26,bldg7,209,261,3.3,haversine_x1.25_at_80m_per_min
bldg26,bldg3,212,265,3.3,haversine_x1.25_at_80m_per_min
bldg26,bldg10,173,216,2.7,haversine_x1.25_at_80m_per_min
bldg26,bldg2,273,341,4.3,haversine_x1.25_at_80m_per_min
bldg26,bldg4,238,297,3.7,haversine_x1.25_at_80m_per_min
bldg26,bldg6,290,362,4.5,haversine_x1.25_at_80m_per_min
bldg26,hayden,340,425,5.3,haversine_x1.25_at_80m_per_min
bldg26,killian,275,344,4.3,haversine_x1.25_at_80m_per_min
bldg26,bldg45,101,126,1.6,haversine_x1.25_at_80m_per_min
bldg26,bldg46,200,251,3.1,haversine_x1.25_at_80m_per_min
bldg26,stata,325,406,5.1,haversine_x1.25_at_80m_per_min
bldg26,media_lab,506,633,7.9,haversine_x1.25_at_80m_per_min
bldg26,sloan,773,966,12.1,haversine_x1.25_at_80m_per_min
bldg26,mit_medical,657,821,10.3,haversine_x1.25_at_80m_per_min
bldg26,student_center,264,329,4.1,haversine_x1.25_at_80m_per_min
bldg26,kresge,355,444,5.5,haversine_x1.25_at_80m_per_min
bldg26,chapel,341,426,5.3,haversine_x1.25_at_80m_per_min
bldg26,kresge_oval,309,387,4.8,haversine_x1.25_at_80m_per_min
bldg26,zesiger,219,273,3.4,haversine_x1.25_at_80m_per_min
bldg26,johnson,306,383,4.8,haversine_x1.25_at_80m_per_min
bldg26,central_sq,974,1217,15.2,haversine_x1.25_at_80m_per_min
bldg26,back_bay,1247,1558,19.5,haversine_x1.25_at_80m_per_min
bldg45,maseeh,509,636,7.9,haversine_x1.25_at_80m_per_min
bldg45,mccormick,679,849,10.6,haversine_x1.25_at_80m_per_min
bldg45,baker,780,975,12.2,haversine_x1.25_at_80m_per_min
bldg45,burton_conner,898,1123,14.0,haversine_x1.25_at_80m_per_min
bldg45,macgregor,1034,1292,16.2,haversine_x1.25_at_80m_per_min
bldg45,new_house,1122,1403,17.5,haversine_x1.25_at_80m_per_min
bldg45,next_house,1229,1536,19.2,haversine_x1.25_at_80m_per_min
bldg45,simmons,806,1008,12.6,haversine_x1.25_at_80m_per_min
bldg45,east_campus,440,550,6.9,haversine_x1.25_at_80m_per_min
bldg45,bldg7,274,343,4.3,haversine_x1.25_at_80m_per_min
bldg45,bldg3,253,317,4.0,haversine_x1.25_at_80m_per_min
bldg45,bldg10,189,236,3.0,haversine_x1.25_at_80m_per_min
bldg45,bldg2,279,348,4.4,haversine_x1.25_at_80m_per_min
bldg45,bldg4,231,289,3.6,haversine_x1.25_at_80m_per_min
bldg45,bldg6,262,327,4.1,haversine_x1.25_at_80m_per_min
bldg45,hayden,309,386,4.8,haversine_x1.25_at_80m_per_min
bldg45,killian,296,370,4.6,haversine_x1.25_at_80m_per_min
bldg45,bldg26,101,126,1.6,haversine_x1.25_at_80m_per_min
bldg45,bldg46,101,126,1.6,haversine_x1.25_at_80m_per_min
bldg45,stata,226,283,3.5,haversine_x1.25_at_80m_per_min
bldg45,media_lab,427,534,6.7,haversine_x1.25_at_80m_per_min
bldg45,sloan,685,857,10.7,haversine_x1.25_at_80m_per_min
bldg45,mit_medical,558,698,8.7,haversine_x1.25_at_80m_per_min
bldg45,student_center,348,435,5.4,haversine_x1.25_at_80m_per_min
bldg45,kresge,440,550,6.9,haversine_x1.25_at_80m_per_min
bldg45,chapel,419,523,6.5,haversine_x1.25_at_80m_per_min
bldg45,kresge_oval,394,492,6.2,haversine_x1.25_at_80m_per_min
bldg45,zesiger,319,399,5.0,haversine_x1.25_at_80m_per_min
bldg45,johnson,403,504,6.3,haversine_x1.25_at_80m_per_min
bldg45,central_sq,1035,1294,16.2,haversine_x1.25_at_80m_per_min
bldg45,back_bay,1254,1567,19.6,haversine_x1.25_at_80m_per_min
bldg46,maseeh,576,720,9.0,haversine_x1.25_at_80m_per_min
bldg46,mccormick,766,958,12.0,haversine_x1.25_at_80m_per_min
bldg46,baker,873,1091,13.6,haversine_x1.25_at_80m_per_min
bldg46,burton_conner,996,1244,15.6,haversine_x1.25_at_80m_per_min
bldg46,macgregor,1133,1417,17.7,haversine_x1.25_at_80m_per_min
bldg46,new_house,1223,1529,19.1,haversine_x1.25_at_80m_per_min
bldg46,next_house,1330,1662,20.8,haversine_x1.25_at_80m_per_min
bldg46,simmons,904,1130,14.1,haversine_x1.25_at_80m_per_min
bldg46,east_campus,388,485,6.1,haversine_x1.25_at_80m_per_min
bldg46,bldg7,343,429,5.4,haversine_x1.25_at_80m_per_min
bldg46,bldg3,305,382,4.8,haversine_x1.25_at_80m_per_min
bldg46,bldg10,231,289,3.6,haversine_x1.25_at_80m_per_min
bldg46,bldg2,297,372,4.6,haversine_x1.25_at_80m_per_min
bldg46,bldg4,244,305,3.8,haversine_x1.25_at_80m_per_min
bldg46,bldg6,248,310,3.9,haversine_x1.25_at_80m_per_min
bldg46,hayden,285,356,4.4,haversine_x1.25_at_80m_per_min
bldg46,killian,325,407,5.1,haversine_x1.25_at_80m_per_min
bldg46,bldg26,200,251,3.1,haversine_x1.25_at_80m_per_min
bldg46,bldg45,101,126,1.6,haversine_x1.25_at_80m_per_min
bldg46,stata,125,157,2.0,haversine_x1.25_at_80m_per_min
bldg46,media_lab,342,427,5.3,haversine_x1.25_at_80m_per_min
bldg46,sloan,590,738,9.2,haversine_x1.25_at_80m_per_min
bldg46,mit_medical,457,572,7.1,haversine_x1.25_at_80m_per_min
bldg46,student_center,428,535,6.7,haversine_x1.25_at_80m_per_min
bldg46,kresge,519,648,8.1,haversine_x1.25_at_80m_per_min
bldg46,chapel,491,614,7.7,haversine_x1.25_at_80m_per_min
bldg46,kresge_oval,473,592,7.4,haversine_x1.25_at_80m_per_min
bldg46,zesiger,416,521,6.5,haversine_x1.25_at_80m_per_min
bldg46,johnson,504,630,7.9,haversine_x1.25_at_80m_per_min
bldg46,central_sq,1118,1397,17.5,haversine_x1.25_at_80m_per_min
bldg46,back_bay,1245,1556,19.5,haversine_x1.25_at_80m_per_min
stata,maseeh,668,834,10.4,haversine_x1.25_at_80m_per_min
stata,mccormick,876,1095,13.7,haversine_x1.25_at_80m_per_min
stata,baker,988,1235,15.4,haversine_x1.25_at_80m_per_min
stata,burton_conner,1115,1394,17.4,haversine_x1.25_at_80m_per_min
stata,macgregor,1256,1570,19.6,haversine_x1.25_at_80m_per_min
stata,new_house,1347,1684,21.1,haversine_x1.25_at_80m_per_min
stata,next_house,1455,1819,22.7,haversine_x1.25_at_80m_per_min
stata,simmons,1027,1284,16.0,haversine_x1.25_at_80m_per_min
stata,east_campus,348,435,5.4,haversine_x1.25_at_80m_per_min
stata,bldg7,443,554,6.9,haversine_x1.25_at_80m_per_min
stata,bldg3,394,492,6.2,haversine_x1.25_at_80m_per_min
stata,bldg10,319,399,5.0,haversine_x1.25_at_80m_per_min
stata,bldg2,356,445,5.6,haversine_x1.25_at_80m_per_min
stata,bldg4,305,381,4.8,haversine_x1.25_at_80m_per_min
stata,bldg6,280,350,4.4,haversine_x1.25_at_80m_per_min
stata,hayden,298,372,4.6,haversine_x1.25_at_80m_per_min
stata,killian,392,490,6.1,haversine_x1.25_at_80m_per_min
stata,bldg26,325,406,5.1,haversine_x1.25_at_80m_per_min
stata,bldg45,226,283,3.5,haversine_x1.25_at_80m_per_min
stata,bldg46,125,157,2.0,haversine_x1.25_at_80m_per_min
stata,media_lab,248,311,3.9,haversine_x1.25_at_80m_per_min
stata,sloan,473,592,7.4,haversine_x1.25_at_80m_per_min
stata,mit_medical,333,416,5.2,haversine_x1.25_at_80m_per_min
stata,student_center,535,669,8.4,haversine_x1.25_at_80m_per_min
stata,kresge,623,779,9.7,haversine_x1.25_at_80m_per_min
stata,chapel,590,738,9.2,haversine_x1.25_at_80m_per_min
stata,kresge_oval,579,724,9.0,haversine_x1.25_at_80m_per_min
stata,zesiger,538,672,8.4,haversine_x1.25_at_80m_per_min
stata,johnson,629,787,9.8,haversine_x1.25_at_80m_per_min
stata,central_sq,1226,1533,19.2,haversine_x1.25_at_80m_per_min
stata,back_bay,1240,1550,19.4,haversine_x1.25_at_80m_per_min
media_lab,maseeh,713,892,11.1,haversine_x1.25_at_80m_per_min
media_lab,mccormick,960,1200,15.0,haversine_x1.25_at_80m_per_min
media_lab,baker,1091,1364,17.0,haversine_x1.25_at_80m_per_min
media_lab,burton_conner,1236,1545,19.3,haversine_x1.25_at_80m_per_min
media_lab,macgregor,1393,1741,21.8,haversine_x1.25_at_80m_per_min
media_lab,new_house,1496,1871,23.4,haversine_x1.25_at_80m_per_min
media_lab,next_house,1617,2022,25.3,haversine_x1.25_at_80m_per_min
media_lab,simmons,1227,1533,19.2,haversine_x1.25_at_80m_per_min
media_lab,east_campus,182,228,2.9,haversine_x1.25_at_80m_per_min
media_lab,bldg7,535,669,8.4,haversine_x1.25_at_80m_per_min
media_lab,bldg3,470,587,7.3,haversine_x1.25_at_80m_per_min
media_lab,bldg10,413,516,6.5,haversine_x1.25_at_80m_per_min
media_lab,bldg2,385,481,6.0,haversine_x1.25_at_80m_per_min
media_lab,bldg4,356,445,5.6,haversine_x1.25_at_80m_per_min
media_lab,bldg6,293,366,4.6,haversine_x1.25_at_80m_per_min
media_lab,hayden,266,332,4.2,haversine_x1.25_at_80m_per_min
media_lab,killian,425,531,6.6,haversine_x1.25_at_80m_per_min
media_lab,bldg26,506,633,7.9,haversine_x1.25_at_80m_per_min
media_lab,bldg45,427,534,6.7,haversine_x1.25_at_80m_per_min
media_lab,bldg46,342,427,5.3,haversine_x1.25_at_80m_per_min
media_lab,stata,248,311,3.9,haversine_x1.25_at_80m_per_min
media_lab,sloan,276,345,4.3,haversine_x1.25_at_80m_per_min
media_lab,mit_medical,283,353,4.4,haversine_x1.25_at_80m_per_min
media_lab,student_center,634,793,9.9,haversine_x1.25_at_80m_per_min
media_lab,kresge,705,882,11.0,haversine_x1.25_at_80m_per_min
media_lab,chapel,661,827,10.3,haversine_x1.25_at_80m_per_min
media_lab,kresge_oval,669,836,10.5,haversine_x1.25_at_80m_per_min
media_lab,zesiger,688,859,10.7,haversine_x1.25_at_80m_per_min
media_lab,johnson,806,1007,12.6,haversine_x1.25_at_80m_per_min
media_lab,central_sq,1459,1824,22.8,haversine_x1.25_at_80m_per_min
media_lab,back_bay,1062,1328,16.6,haversine_x1.25_at_80m_per_min
sloan,maseeh,979,1223,15.3,haversine_x1.25_at_80m_per_min
sloan,mccormick,1231,1539,19.2,haversine_x1.25_at_80m_per_min
sloan,baker,1364,1705,21.3,haversine_x1.25_at_80m_per_min
sloan,burton_conner,1511,1888,23.6,haversine_x1.25_at_80m_per_min
sloan,macgregor,1669,2086,26.1,haversine_x1.25_at_80m_per_min
sloan,new_house,1772,2215,27.7,haversine_x1.25_at_80m_per_min
sloan,next_house,1892,2365,29.6,haversine_x1.25_at_80m_per_min
sloan,simmons,1491,1864,23.3,haversine_x1.25_at_80m_per_min
sloan,east_campus,408,509,6.4,haversine_x1.25_at_80m_per_min
sloan,bldg7,810,1013,12.7,haversine_x1.25_at_80m_per_min
sloan,bldg3,744,930,11.6,haversine_x1.25_at_80m_per_min
sloan,bldg10,689,861,10.8,haversine_x1.25_at_80m_per_min
sloan,bldg2,656,820,10.2,haversine_x1.25_at_80m_per_min
sloan,bldg4,631,789,9.9,haversine_x1.25_at_80m_per_min
sloan,bldg6,566,707,8.8,haversine_x1.25_at_80m_per_min
sloan,hayden,534,667,8.3,haversine_x1.25_at_80m_per_min
sloan,killian,696,870,10.9,haversine_x1.25_at_80m_per_min
sloan,bldg26,773,966,12.1,haversine_x1.25_at_80m_per_min
sloan,bldg45,685,857,10.7,haversine_x1.25_at_80m_per_min
sloan,bldg46,590,738,9.2,haversine_x1.25_at_80m_per_min
sloan,stata,473,592,7.4,haversine_x1.25_at_80m_per_min
sloan,media_lab,276,345,4.3,haversine_x1.25_at_80m_per_min
sloan,mit_medical,244,305,3.8,haversine_x1.25_at_80m_per_min
sloan,student_center,909,1137,14.2,haversine_x1.25_at_80m_per_min
sloan,kresge,978,1223,15.3,haversine_x1.25_at_80m_per_min
sloan,chapel,933,1166,14.6,haversine_x1.25_at_80m_per_min
sloan,kresge_oval,943,1179,14.7,haversine_x1.25_at_80m_per_min
sloan,zesiger,962,1202,15.0,haversine_x1.25_at_80m_per_min
sloan,johnson,1076,1346,16.8,haversine_x1.25_at_80m_per_min
sloan,central_sq,1699,2123,26.5,haversine_x1.25_at_80m_per_min
sloan,back_bay,1141,1426,17.8,haversine_x1.25_at_80m_per_min
mit_medical,maseeh,962,1202,15.0,haversine_x1.25_at_80m_per_min
mit_medical,mccormick,1191,1489,18.6,haversine_x1.25_at_80m_per_min
mit_medical,baker,1311,1639,20.5,haversine_x1.25_at_80m_per_min
mit_medical,burton_conner,1444,1805,22.6,haversine_x1.25_at_80m_per_min
mit_medical,macgregor,1588,1985,24.8,haversine_x1.25_at_80m_per_min
mit_medical,new_house,1680,2100,26.2,haversine_x1.25_at_80m_per_min
mit_medical,next_house,1787,2234,27.9,haversine_x1.25_at_80m_per_min
mit_medical,simmons,1350,1688,21.1,haversine_x1.25_at_80m_per_min
mit_medical,east_campus,465,581,7.3,haversine_x1.25_at_80m_per_min
mit_medical,bldg7,755,944,11.8,haversine_x1.25_at_80m_per_min
mit_medical,bldg3,697,871,10.9,haversine_x1.25_at_80m_per_min
mit_medical,bldg10,627,784,9.8,haversine_x1.25_at_80m_per_min
mit_medical,bldg2,631,789,9.9,haversine_x1.25_at_80m_per_min
mit_medical,bldg4,590,738,9.2,haversine_x1.25_at_80m_per_min
mit_medical,bldg6,539,673,8.4,haversine_x1.25_at_80m_per_min
mit_medical,hayden,527,659,8.2,haversine_x1.25_at_80m_per_min
mit_medical,killian,672,840,10.5,haversine_x1.25_at_80m_per_min
mit_medical,bldg26,657,821,10.3,haversine_x1.25_at_80m_per_min
mit_medical,bldg45,558,698,8.7,haversine_x1.25_at_80m_per_min
mit_medical,bldg46,457,572,7.1,haversine_x1.25_at_80m_per_min
mit_medical,stata,333,416,5.2,haversine_x1.25_at_80m_per_min
mit_medical,media_lab,283,353,4.4,haversine_x1.25_at_80m_per_min
mit_medical,sloan,244,305,3.8,haversine_x1.25_at_80m_per_min
mit_medical,student_center,853,1066,13.3,haversine_x1.25_at_80m_per_min
mit_medical,kresge,935,1168,14.6,haversine_x1.25_at_80m_per_min
mit_medical,chapel,896,1120,14.0,haversine_x1.25_at_80m_per_min
mit_medical,kresge_oval,893,1117,14.0,haversine_x1.25_at_80m_per_min
mit_medical,zesiger,869,1086,13.6,haversine_x1.25_at_80m_per_min
mit_medical,johnson,961,1202,15.0,haversine_x1.25_at_80m_per_min
mit_medical,central_sq,1515,1894,23.7,haversine_x1.25_at_80m_per_min
mit_medical,back_bay,1317,1646,20.6,haversine_x1.25_at_80m_per_min
student_center,maseeh,178,223,2.8,haversine_x1.25_at_80m_per_min
student_center,mccormick,340,425,5.3,haversine_x1.25_at_80m_per_min
student_center,baker,460,575,7.2,haversine_x1.25_at_80m_per_min
student_center,burton_conner,601,752,9.4,haversine_x1.25_at_80m_per_min
student_center,macgregor,761,951,11.9,haversine_x1.25_at_80m_per_min
student_center,new_house,869,1086,13.6,haversine_x1.25_at_80m_per_min
student_center,next_house,998,1248,15.6,haversine_x1.25_at_80m_per_min
student_center,simmons,687,859,10.7,haversine_x1.25_at_80m_per_min
student_center,east_campus,538,673,8.4,haversine_x1.25_at_80m_per_min
student_center,bldg7,99,124,1.6,haversine_x1.25_at_80m_per_min
student_center,bldg3,165,207,2.6,haversine_x1.25_at_80m_per_min
student_center,bldg10,226,283,3.5,haversine_x1.25_at_80m_per_min
student_center,bldg2,261,326,4.1,haversine_x1.25_at_80m_per_min
student_center,bldg4,278,348,4.4,haversine_x1.25_at_80m_per_min
student_center,bldg6,345,431,5.4,haversine_x1.25_at_80m_per_min
student_center,hayden,384,479,6.0,haversine_x1.25_at_80m_per_min
student_center,killian,226,283,3.5,haversine_x1.25_at_80m_per_min
student_center,bldg26,264,329,4.1,haversine_x1.25_at_80m_per_min
student_center,bldg45,348,435,5.4,haversine_x1.25_at_80m_per_min
student_center,bldg46,428,535,6.7,haversine_x1.25_at_80m_per_min
student_center,stata,535,669,8.4,haversine_x1.25_at_80m_per_min
student_center,media_lab,634,793,9.9,haversine_x1.25_at_80m_per_min
student_center,sloan,909,1137,14.2,haversine_x1.25_at_80m_per_min
student_center,mit_medical,853,1066,13.3,haversine_x1.25_at_80m_per_min
student_center,kresge,92,115,1.4,haversine_x1.25_at_80m_per_min
student_center,chapel,83,104,1.3,haversine_x1.25_at_80m_per_min
student_center,kresge_oval,46,58,0.7,haversine_x1.25_at_80m_per_min
student_center,zesiger,143,179,2.2,haversine_x1.25_at_80m_per_min
student_center,johnson,278,348,4.3,haversine_x1.25_at_80m_per_min
student_center,central_sq,1025,1282,16.0,haversine_x1.25_at_80m_per_min
student_center,back_bay,1094,1367,17.1,haversine_x1.25_at_80m_per_min
kresge,maseeh,107,133,1.7,haversine_x1.25_at_80m_per_min
kresge,mccormick,257,321,4.0,haversine_x1.25_at_80m_per_min
kresge,baker,386,483,6.0,haversine_x1.25_at_80m_per_min
kresge,burton_conner,537,671,8.4,haversine_x1.25_at_80m_per_min
kresge,macgregor,704,880,11.0,haversine_x1.25_at_80m_per_min
kresge,new_house,818,1022,12.8,haversine_x1.25_at_80m_per_min
kresge,next_house,954,1192,14.9,haversine_x1.25_at_80m_per_min
kresge,simmons,687,859,10.7,haversine_x1.25_at_80m_per_min
kresge,east_campus,593,741,9.3,haversine_x1.25_at_80m_per_min
kresge,bldg7,180,226,2.8,haversine_x1.25_at_80m_per_min
kresge,bldg3,239,298,3.7,haversine_x1.25_at_80m_per_min
kresge,bldg10,308,384,4.8,haversine_x1.25_at_80m_per_min
kresge,bldg2,322,403,5.0,haversine_x1.25_at_80m_per_min
kresge,bldg4,350,438,5.5,haversine_x1.25_at_80m_per_min
kresge,bldg6,413,516,6.4,haversine_x1.25_at_80m_per_min
kresge,hayden,445,557,7.0,haversine_x1.25_at_80m_per_min
kresge,killian,283,354,4.4,haversine_x1.25_at_80m_per_min
kresge,bldg26,355,444,5.5,haversine_x1.25_at_80m_per_min
kresge,bldg45,440,550,6.9,haversine_x1.25_at_80m_per_min
kresge,bldg46,519,648,8.1,haversine_x1.25_at_80m_per_min
kresge,stata,623,779,9.7,haversine_x1.25_at_80m_per_min
kresge,media_lab,705,882,11.0,haversine_x1.25_at_80m_per_min
kresge,sloan,978,1223,15.3,haversine_x1.25_at_80m_per_min
kresge,mit_medical,935,1168,14.6,haversine_x1.25_at_80m_per_min
kresge,student_center,92,115,1.4,haversine_x1.25_at_80m_per_min
kresge,chapel,50,62,0.8,haversine_x1.25_at_80m_per_min
kresge,kresge_oval,46,58,0.7,haversine_x1.25_at_80m_per_min
kresge,zesiger,202,252,3.2,haversine_x1.25_at_80m_per_min
kresge,johnson,313,391,4.9,haversine_x1.25_at_80m_per_min
kresge,central_sq,1047,1309,16.4,haversine_x1.25_at_80m_per_min
kresge,back_bay,1062,1327,16.6,haversine_x1.25_at_80m_per_min
chapel,maseeh,95,119,1.5,haversine_x1.25_at_80m_per_min
chapel,mccormick,299,374,4.7,haversine_x1.25_at_80m_per_min
chapel,baker,432,540,6.8,haversine_x1.25_at_80m_per_min
chapel,burton_conner,584,731,9.1,haversine_x1.25_at_80m_per_min
chapel,macgregor,753,941,11.8,haversine_x1.25_at_80m_per_min
chapel,new_house,867,1084,13.5,haversine_x1.25_at_80m_per_min
chapel,next_house,1003,1254,15.7,haversine_x1.25_at_80m_per_min
chapel,simmons,731,913,11.4,haversine_x1.25_at_80m_per_min
chapel,east_campus,545,681,8.5,haversine_x1.25_at_80m_per_min
chapel,bldg7,148,186,2.3,haversine_x1.25_at_80m_per_min
chapel,bldg3,200,249,3.1,haversine_x1.25_at_80m_per_min
chapel,bldg10,272,340,4.2,haversine_x1.25_at_80m_per_min
chapel,bldg2,277,346,4.3,haversine_x1.25_at_80m_per_min
chapel,bldg4,308,385,4.8,haversine_x1.25_at_80m_per_min
chapel,bldg6,369,461,5.8,haversine_x1.25_at_80m_per_min
chapel,hayden,400,499,6.2,haversine_x1.25_at_80m_per_min
chapel,killian,237,297,3.7,haversine_x1.25_at_80m_per_min
chapel,bldg26,341,426,5.3,haversine_x1.25_at_80m_per_min
chapel,bldg45,419,523,6.5,haversine_x1.25_at_80m_per_min
chapel,bldg46,491,614,7.7,haversine_x1.25_at_80m_per_min
chapel,stata,590,738,9.2,haversine_x1.25_at_80m_per_min
chapel,media_lab,661,827,10.3,haversine_x1.25_at_80m_per_min
chapel,sloan,933,1166,14.6,haversine_x1.25_at_80m_per_min
chapel,mit_medical,896,1120,14.0,haversine_x1.25_at_80m_per_min
chapel,student_center,83,104,1.3,haversine_x1.25_at_80m_per_min
chapel,kresge,50,62,0.8,haversine_x1.25_at_80m_per_min
chapel,kresge_oval,51,64,0.8,haversine_x1.25_at_80m_per_min
chapel,zesiger,219,273,3.4,haversine_x1.25_at_80m_per_min
chapel,johnson,343,429,5.4,haversine_x1.25_at_80m_per_min
chapel,central_sq,1085,1356,16.9,haversine_x1.25_at_80m_per_min
chapel,back_bay,1027,1283,16.0,haversine_x1.25_at_80m_per_min
kresge_oval,maseeh,140,174,2.2,haversine_x1.25_at_80m_per_min
kresge_oval,mccormick,298,372,4.7,haversine_x1.25_at_80m_per_min
kresge_oval,baker,422,528,6.6,haversine_x1.25_at_80m_per_min
kresge_oval,burton_conner,568,710,8.9,haversine_x1.25_at_80m_per_min
kresge_oval,macgregor,731,914,11.4,haversine_x1.25_at_80m_per_min
kresge_oval,new_house,843,1053,13.2,haversine_x1.25_at_80m_per_min
kresge_oval,next_house,975,1219,15.2,haversine_x1.25_at_80m_per_min
kresge_oval,simmons,686,857,10.7,haversine_x1.25_at_80m_per_min
kresge_oval,east_campus,564,705,8.8,haversine_x1.25_at_80m_per_min
kresge_oval,bldg7,138,173,2.2,haversine_x1.25_at_80m_per_min
kresge_oval,bldg3,200,250,3.1,haversine_x1.25_at_80m_per_min
kresge_oval,bldg10,266,332,4.2,haversine_x1.25_at_80m_per_min
kresge_oval,bldg2,289,362,4.5,haversine_x1.25_at_80m_per_min
kresge_oval,bldg4,313,391,4.9,haversine_x1.25_at_80m_per_min
kresge_oval,bldg6,378,472,5.9,haversine_x1.25_at_80m_per_min
kresge_oval,hayden,413,516,6.5,haversine_x1.25_at_80m_per_min
kresge_oval,killian,252,315,3.9,haversine_x1.25_at_80m_per_min
kresge_oval,bldg26,309,387,4.8,haversine_x1.25_at_80m_per_min
kresge_oval,bldg45,394,492,6.2,haversine_x1.25_at_80m_per_min
kresge_oval,bldg46,473,592,7.4,haversine_x1.25_at_80m_per_min
kresge_oval,stata,579,724,9.0,haversine_x1.25_at_80m_per_min
kresge_oval,media_lab,669,836,10.5,haversine_x1.25_at_80m_per_min
kresge_oval,sloan,943,1179,14.7,haversine_x1.25_at_80m_per_min
kresge_oval,mit_medical,893,1117,14.0,haversine_x1.25_at_80m_per_min
kresge_oval,student_center,46,58,0.7,haversine_x1.25_at_80m_per_min
kresge_oval,kresge,46,58,0.7,haversine_x1.25_at_80m_per_min
kresge_oval,chapel,51,64,0.8,haversine_x1.25_at_80m_per_min
kresge_oval,zesiger,169,211,2.6,haversine_x1.25_at_80m_per_min
kresge_oval,johnson,292,366,4.6,haversine_x1.25_at_80m_per_min
kresge_oval,central_sq,1035,1294,16.2,haversine_x1.25_at_80m_per_min
kresge_oval,back_bay,1077,1346,16.8,haversine_x1.25_at_80m_per_min
zesiger,maseeh,306,383,4.8,haversine_x1.25_at_80m_per_min
zesiger,mccormick,380,475,5.9,haversine_x1.25_at_80m_per_min
zesiger,baker,465,581,7.3,haversine_x1.25_at_80m_per_min
zesiger,burton_conner,579,724,9.1,haversine_x1.25_at_80m_per_min
zesiger,macgregor,719,898,11.2,haversine_x1.25_at_80m_per_min
zesiger,new_house,814,1017,12.7,haversine_x1.25_at_80m_per_min
zesiger,next_house,930,1163,14.5,haversine_x1.25_at_80m_per_min
zesiger,simmons,568,711,8.9,haversine_x1.25_at_80m_per_min
zesiger,east_campus,624,780,9.8,haversine_x1.25_at_80m_per_min
zesiger,bldg7,192,239,3.0,haversine_x1.25_at_80m_per_min
zesiger,bldg3,252,315,3.9,haversine_x1.25_at_80m_per_min
zesiger,bldg10,281,351,4.4,haversine_x1.25_at_80m_per_min
zesiger,bldg2,352,441,5.5,haversine_x1.25_at_80m_per_min
zesiger,bldg4,350,438,5.5,haversine_x1.25_at_80m_per_min
zesiger,bldg6,418,522,6.5,haversine_x1.25_at_80m_per_min
zesiger,hayden,465,581,7.3,haversine_x1.25_at_80m_per_min
zesiger,killian,328,410,5.1,haversine_x1.25_at_80m_per_min
zesiger,bldg26,219,273,3.4,haversine_x1.25_at_80m_per_min
zesiger,bldg45,319,399,5.0,haversine_x1.25_at_80m_per_min
zesiger,bldg46,416,521,6.5,haversine_x1.25_at_80m_per_min
zesiger,stata,538,672,8.4,haversine_x1.25_at_80m_per_min
zesiger,media_lab,688,859,10.7,haversine_x1.25_at_80m_per_min
zesiger,sloan,962,1202,15.0,haversine_x1.25_at_80m_per_min
zesiger,mit_medical,869,1086,13.6,haversine_x1.25_at_80m_per_min
zesiger,student_center,143,179,2.2,haversine_x1.25_at_80m_per_min
zesiger,kresge,202,252,3.2,haversine_x1.25_at_80m_per_min
zesiger,chapel,219,273,3.4,haversine_x1.25_at_80m_per_min
zesiger,kresge_oval,169,211,2.6,haversine_x1.25_at_80m_per_min
zesiger,johnson,142,178,2.2,haversine_x1.25_at_80m_per_min
zesiger,central_sq,888,1110,13.9,haversine_x1.25_at_80m_per_min
zesiger,back_bay,1236,1546,19.3,haversine_x1.25_at_80m_per_min
johnson,maseeh,419,524,6.5,haversine_x1.25_at_80m_per_min
johnson,mccormick,409,511,6.4,haversine_x1.25_at_80m_per_min
johnson,baker,450,563,7.0,haversine_x1.25_at_80m_per_min
johnson,burton_conner,529,661,8.3,haversine_x1.25_at_80m_per_min
johnson,macgregor,642,803,10.0,haversine_x1.25_at_80m_per_min
johnson,new_house,723,903,11.3,haversine_x1.25_at_80m_per_min
johnson,next_house,826,1032,12.9,haversine_x1.25_at_80m_per_min
johnson,simmons,430,538,6.7,haversine_x1.25_at_80m_per_min
johnson,east_campus,758,948,11.8,haversine_x1.25_at_80m_per_min
johnson,bldg7,334,417,5.2,haversine_x1.25_at_80m_per_min
johnson,bldg3,392,490,6.1,haversine_x1.25_at_80m_per_min
johnson,bldg10,412,515,6.4,haversine_x1.25_at_80m_per_min
johnson,bldg2,491,614,7.7,haversine_x1.25_at_80m_per_min
johnson,bldg4,484,605,7.6,haversine_x1.25_at_80m_per_min
johnson,bldg6,550,688,8.6,haversine_x1.25_at_80m_per_min
johnson,hayden,599,749,9.4,haversine_x1.25_at_80m_per_min
johnson,killian,469,587,7.3,haversine_x1.25_at_80m_per_min
johnson,bldg26,306,383,4.8,haversine_x1.25_at_80m_per_min
johnson,bldg45,403,504,6.3,haversine_x1.25_at_80m_per_min
johnson,bldg46,504,630,7.9,haversine_x1.25_at_80m_per_min
johnson,stata,629,787,9.8,haversine_x1.25_at_80m_per_min
johnson,media_lab,806,1007,12.6,haversine_x1.25_at_80m_per_min
johnson,sloan,1076,1346,16.8,haversine_x1.25_at_80m_per_min
johnson,mit_medical,961,1202,15.0,haversine_x1.25_at_80m_per_min
johnson,student_center,278,348,4.3,haversine_x1.25_at_80m_per_min
johnson,kresge,313,391,4.9,haversine_x1.25_at_80m_per_min
johnson,chapel,343,429,5.4,haversine_x1.25_at_80m_per_min
johnson,kresge_oval,292,366,4.6,haversine_x1.25_at_80m_per_min
johnson,zesiger,142,178,2.2,haversine_x1.25_at_80m_per_min
johnson,central_sq,748,935,11.7,haversine_x1.25_at_80m_per_min
johnson,back_bay,1369,1712,21.4,haversine_x1.25_at_80m_per_min
central_sq,maseeh,1147,1434,17.9,haversine_x1.25_at_80m_per_min
central_sq,mccormick,1020,1275,15.9,haversine_x1.25_at_80m_per_min
central_sq,baker,952,1190,14.9,haversine_x1.25_at_80m_per_min
central_sq,burton_conner,883,1103,13.8,haversine_x1.25_at_80m_per_min
central_sq,macgregor,823,1029,12.9,haversine_x1.25_at_80m_per_min
central_sq,new_house,777,971,12.1,haversine_x1.25_at_80m_per_min
central_sq,next_house,735,919,11.5,haversine_x1.25_at_80m_per_min
central_sq,simmons,403,504,6.3,haversine_x1.25_at_80m_per_min
central_sq,east_campus,1463,1829,22.9,haversine_x1.25_at_80m_per_min
central_sq,bldg7,1076,1345,16.8,haversine_x1.25_at_80m_per_min
central_sq,bldg3,1128,1410,17.6,haversine_x1.25_at_80m_per_min
central_sq,bldg10,1129,1411,17.6,haversine_x1.25_at_80m_per_min
central_sq,bldg2,1221,1526,19.1,haversine_x1.25_at_80m_per_min
central_sq,bldg4,1201,1501,18.8,haversine_x1.25_at_80m_per_min
central_sq,bldg6,1260,1575,19.7,haversine_x1.25_at_80m_per_min
central_sq,hayden,1311,1639,20.5,haversine_x1.25_at_80m_per_min
central_sq,killian,1206,1507,18.8,haversine_x1.25_at_80m_per_min
central_sq,bldg26,974,1217,15.2,haversine_x1.25_at_80m_per_min
central_sq,bldg45,1035,1294,16.2,haversine_x1.25_at_80m_per_min
central_sq,bldg46,1118,1397,17.5,haversine_x1.25_at_80m_per_min
central_sq,stata,1226,1533,19.2,haversine_x1.25_at_80m_per_min
central_sq,media_lab,1459,1824,22.8,haversine_x1.25_at_80m_per_min
central_sq,sloan,1699,2123,26.5,haversine_x1.25_at_80m_per_min
central_sq,mit_medical,1515,1894,23.7,haversine_x1.25_at_80m_per_min
central_sq,student_center,1025,1282,16.0,haversine_x1.25_at_80m_per_min
central_sq,kresge,1047,1309,16.4,haversine_x1.25_at_80m_per_min
central_sq,chapel,1085,1356,16.9,haversine_x1.25_at_80m_per_min
central_sq,kresge_oval,1035,1294,16.2,haversine_x1.25_at_80m_per_min
central_sq,zesiger,888,1110,13.9,haversine_x1.25_at_80m_per_min
central_sq,johnson,748,935,11.7,haversine_x1.25_at_80m_per_min
central_sq,back_bay,2109,2636,32.9,haversine_x1.25_at_80m_per_min
back_bay,maseeh,962,1202,15.0,haversine_x1.25_at_80m_per_min
back_bay,mccormick,1140,1425,17.8,haversine_x1.25_at_80m_per_min
back_bay,baker,1263,1579,19.7,haversine_x1.25_at_80m_per_min
back_bay,burton_conner,1413,1767,22.1,haversine_x1.25_at_80m_per_min
back_bay,macgregor,1585,1981,24.8,haversine_x1.25_at_80m_per_min
back_bay,new_house,1712,2140,26.8,haversine_x1.25_at_80m_per_min
back_bay,next_house,1865,2331,29.1,haversine_x1.25_at_80m_per_min
back_bay,simmons,1736,2171,27.1,haversine_x1.25_at_80m_per_min
back_bay,east_campus,900,1125,14.1,haversine_x1.25_at_80m_per_min
back_bay,bldg7,1069,1337,16.7,haversine_x1.25_at_80m_per_min
back_bay,bldg3,1039,1299,16.2,haversine_x1.25_at_80m_per_min
back_bay,bldg10,1076,1345,16.8,haversine_x1.25_at_80m_per_min
back_bay,bldg2,978,1223,15.3,haversine_x1.25_at_80m_per_min
back_bay,bldg4,1023,1279,16.0,haversine_x1.25_at_80m_per_min
back_bay,bldg6,999,1249,15.6,haversine_x1.25_at_80m_per_min
back_bay,hayden,961,1201,15.0,haversine_x1.25_at_80m_per_min
back_bay,killian,971,1214,15.2,haversine_x1.25_at_80m_per_min
back_bay,bldg26,1247,1558,19.5,haversine_x1.25_at_80m_per_min
back_bay,bldg45,1254,1567,19.6,haversine_x1.25_at_80m_per_min
back_bay,bldg46,1245,1556,19.5,haversine_x1.25_at_80m_per_min
back_bay,stata,1240,1550,19.4,haversine_x1.25_at_80m_per_min
back_bay,media_lab,1062,1328,16.6,haversine_x1.25_at_80m_per_min
back_bay,sloan,1141,1426,17.8,haversine_x1.25_at_80m_per_min
back_bay,mit_medical,1317,1646,20.6,haversine_x1.25_at_80m_per_min
back_bay,student_center,1094,1367,17.1,haversine_x1.25_at_80m_per_min
back_bay,kresge,1062,1327,16.6,haversine_x1.25_at_80m_per_min
back_bay,chapel,1027,1283,16.0,haversine_x1.25_at_80m_per_min
back_bay,kresge_oval,1077,1346,16.8,haversine_x1.25_at_80m_per_min
back_bay,zesiger,1236,1546,19.3,haversine_x1.25_at_80m_per_min
back_bay,johnson,1369,1712,21.4,haversine_x1.25_at_80m_per_min
back_bay,central_sq,2109,2636,32.9,haversine_x1.25_at_80m_per_min
